SubjectID,Haplotype,Usage
1,2-6,"0,1064714595"
2,4,"0,0224861547"
3,2-6,"0,0755511244"
4,4,"0,0461831921"
5,4-6,"0,0593798495"
6,2-4,"0,0681145609"
7,2-6,"0,0479734897"
8,2-4,"0,0140973711"
9,2-4,"0,088680657"
10,2-4,"0,0936536393"
11,2-4,"0,0942418206"
12,2,"0,0762453845"
13,2,"0,0720674974"
14,2-4,"0,0963307263"
15,2-4,"0,0764343922"
16,4,"0,0523907212"
17,2-4,"0,0926989826"
18,2,"0,0472580589"
19,4-6,"0,0601059135"
20,2-4,"0,0637524903"
21,4-6,"0,0727245687"
22,4,"0,009614871"
23,6,"0,0994975246"
24,2-4,"0,0909383221"
25,2,"0,0879899716"
26,4,"0,0309424969"
27,2,"0,1241789776"
28,4-6,"0,0828418837"
29,2-6,"0,0846639311"
30,2-6,"0,1153690351"
31,2-4,"0,0826804554"
32,2,"0,108312659"
33,2,"0,0712027756"
34,4-6,"0,070322925"
35,2,"0,1001633782"
36,2-4,"0,0862705191"
37,2,"0,093710143"
38,2,"0,0681327976"
39,4,"0,0432809885"
40,4-6,"0,0805296002"
41,6,"0,039644566"
42,4,"0,013166455"
43,2-4,"0,0821853777"
44,2-4,"0,0957665324"
45,2-6,"0,0917051578"
46,4,"0,0276048153"
47,2-4,"0,0006731488"
48,4-6,"0,0681889411"
49,2-4,"0,0976237769"
50,4,"0,0475105625"
51,2,"0,1094250502"
52,2-4,"0,102995791"
53,4,"0,0180239442"
54,2-4,"0,0853639847"
55,4,"0,034728905"
56,4-6,"0,0657857024"
57,2,"0,0887734139"
58,4-6,"0,0857155905"
59,2-4,"0,0230326296"
60,4,"0,0314570742"
61,2-4,"0,06949754"
62,2-4,"0,0842981657"
63,2,"0,0507220373"
64,4,"0,0237367754"
65,4-6,"0,0834736785"
66,4-6,"0,0083246618"
67,4,"0,0361260095"
68,2-4,"0,0659042884"
69,4,"0,0299996112"
70,4-6,"0,1463622009"
71,2,"0,0949544499"
72,2-4,"0,095595744"
73,2,"0,1190069244"
74,4,"0,017126859"
75,4,"0,0164963186"
76,4-6,"0,0706994735"
77,2-4,"0,1054158607"
78,4,"0,0012330456"
79,2-4,"0,0820526492"
80,2-4,"0,0570334291"
81,2,"0,0533743441"
82,2-4,"0,0915837409"
83,2,"0,0997343369"
84,4-6,"0,04"
85,2-4,"0,0816980602"
